Name of States,Links for States
Alabama,/state/al/index.htm
Alaska,/state/ak/index.htm
American Samoa,/state/as/index.htm
Arizona,/state/az/index.htm
Arkansas,/state/ar/index.htm
California,/state/ca/index.htm
Colorado,/state/co/index.htm
Connecticut,/state/ct/index.htm
Delaware,/state/de/index.htm
District of Columbia,/state/dc/index.htm
Florida,/state/fl/index.htm
Georgia,/state/ga/index.htm
Guam,/state/gu/index.htm
Hawaii,/state/hi/index.htm
Idaho,/state/id/index.htm
Illinois,/state/il/index.htm
Indiana,/state/in/index.htm
Iowa,/state/ia/index.htm
Kansas,/state/ks/index.htm
Kentucky,/state/ky/index.htm
Louisiana,/state/la/index.htm
Maine,/state/me/index.htm
Maryland,/state/md/index.htm
Massachusetts,/state/ma/index.htm
Michigan,/state/mi/index.htm
Minnesota,/state/mn/index.htm
Mississippi,/state/ms/index.htm
Missouri,/state/mo/index.htm
Montana,/state/mt/index.htm
Nebraska,/state/ne/index.htm
Nevada,/state/nv/index.htm
New Hampshire,/state/nh/index.htm
New Jersey,/state/nj/index.htm
New Mexico,/state/nm/index.htm
New York,/state/ny/index.htm
North Carolina,/state/nc/index.htm
North Dakota,/state/nd/index.htm
Northern Mariana Islands,/state/mp/index.htm
Ohio,/state/oh/index.htm
Oklahoma,/state/ok/index.htm
Oregon,/state/or/index.htm
Pennsylvania,/state/pa/index.htm
Puerto Rico,/state/pr/index.htm
Rhode Island,/state/ri/index.htm
South Carolina,/state/sc/index.htm
South Dakota,/state/sd/index.htm
Tennessee,/state/tn/index.htm
Texas,/state/tx/index.htm
Utah,/state/ut/index.htm
Vermont,/state/vt/index.htm
Virgin Islands,/state/vi/index.htm
Virginia,/state/va/index.htm
Washington,/state/wa/index.htm
West Virginia,/state/wv/index.htm
Wisconsin,/state/wi/index.htm
Wyoming,/state/wy/index.htm
